2025-01-23T12:53:03.767,1.737636783767e9,63873319983767,0.000,Manual,,,10.0
2025-01-23T12:53:06.154,1.737636786154e9,63873319986154,0.150,Manual,,,10.0
2025-01-23T12:53:07.885,1.737636787885e9,63873319987885,3.275,Manual,,,10.0
2025-01-23T12:53:11.068,1.737636791068e9,63873319991068,5.317,Manual,,,10.0
2025-01-23T12:53:12.84,1.73763679284e9,63873319992840,8.070,Manual,,,10.0
2025-01-23T12:53:14.848,1.737636794848e9,63873319994848,10.287,Manual,,,10.0
2025-01-23T12:53:16.848,1.737636796848e9,63873319996848,12.294,Manual,,,10.0
2025-01-23T12:53:18.847,1.737636798847e9,63873319998847,14.295,Manual,,,10.0
2025-01-23T12:53:20.846,1.737636800846e9,63873320000846,16.293,Manual,,,10.0
2025-01-23T12:53:22.844,1.737636802844e9,63873320002844,18.292,Manual,,,10.0
2025-01-23T12:53:24.842,1.737636804842e9,63873320004842,20.290,Manual,,,10.0
2025-01-23T12:53:26.841,1.737636806841e9,63873320006841,22.288,Manual,,,10.0
2025-01-23T12:53:28.839,1.737636808839e9,63873320008839,24.287,Manual,,,10.0
2025-01-23T12:53:30.837,1.737636810837e9,63873320010837,26.285,Manual,,,10.0
2025-01-23T12:53:32.836,1.737636812836e9,63873320012836,28.284,Manual,,,10.0
2025-01-23T12:53:34.835,1.737636814835e9,63873320014835,30.282,Manual,,,10.0
2025-01-23T12:53:36.835,1.737636816835e9,63873320016835,32.281,Manual,,,10.0
2025-01-23T12:53:38.833,1.737636818833e9,63873320018833,34.281,Manual,,,10.0
2025-01-23T12:53:40.831,1.737636820831e9,63873320020831,36.280,Manual,,,10.0
2025-01-23T12:53:42.835,1.737636822835e9,63873320022835,38.278,Manual,,,10.0
2025-01-23T12:53:44.84,1.73763682484e9,63873320024840,40.281,Manual,19.68,111.7,10.0
2025-01-23T12:53:46.844,1.737636826844e9,63873320026844,42.285,Manual,18.61,111.72,10.0
2025-01-23T12:53:48.842,1.737636828842e9,63873320028842,44.291,Manual,16.73,111.72,10.0
2025-01-23T12:53:50.841,1.737636830841e9,63873320030841,46.289,Manual,14.92,111.72,10.0
2025-01-23T12:53:52.839,1.737636832839e9,63873320032839,48.287,Manual,13.37,111.72,10.0
2025-01-23T12:53:54.837,1.737636834837e9,63873320034837,50.286,Manual,12.4,111.7,10.0
2025-01-23T12:53:56.837,1.737636836837e9,63873320036837,52.284,Manual,11.79,111.7,10.0
2025-01-23T12:53:58.836,1.737636838836e9,63873320038836,54.284,Manual,11.4,111.7,10.0
2025-01-23T12:54:00.834,1.737636840834e9,63873320040834,56.282,Manual,11.17,111.72,10.0
2025-01-23T12:54:02.834,1.737636842834e9,63873320042834,58.281,Manual,11.03,111.7,10.0
2025-01-23T12:54:04.832,1.737636844832e9,63873320044832,60.281,Manual,10.95,111.72,10.0
2025-01-23T12:54:06.837,1.737636846837e9,63873320046837,62.279,Manual,10.91,111.7,10.0
2025-01-23T12:54:08.836,1.737636848836e9,63873320048836,64.284,Manual,10.89,111.7,10.0
2025-01-23T12:54:10.834,1.737636850834e9,63873320050834,66.282,Manual,10.88,111.72,10.0
2025-01-23T12:54:12.835,1.737636852835e9,63873320052835,68.280,Manual,10.87,111.7,10.0
2025-01-23T12:54:14.834,1.737636854834e9,63873320054834,70.282,Manual,10.87,111.72,10.0
2025-01-23T12:54:16.833,1.737636856833e9,63873320056833,72.281,Manual,10.87,111.7,10.0
2025-01-23T12:54:18.835,1.737636858835e9,63873320058835,74.279,Manual,10.87,111.72,10.0
2025-01-23T12:54:20.834,1.737636860834e9,63873320060834,76.281,Manual,10.88,111.7,10.0
2025-01-23T12:54:22.832,1.737636862832e9,63873320062832,78.281,Manual,10.88,111.72,10.0
2025-01-23T12:54:24.834,1.737636864834e9,63873320064834,80.279,Manual,10.88,111.7,10.0
2025-01-23T12:54:26.834,1.737636866834e9,63873320066834,82.280,Manual,10.88,111.72,10.0
2025-01-23T12:54:28.832,1.737636868832e9,63873320068832,84.281,Manual,10.88,111.72,10.0
2025-01-23T12:54:30.835,1.737636870835e9,63873320070835,86.279,Manual,10.88,111.72,10.0
2025-01-23T12:54:32.836,1.737636872836e9,63873320072836,88.282,Manual,10.89,111.72,10.0
2025-01-23T12:54:34.835,1.737636874835e9,63873320074835,90.283,Manual,10.9,111.72,10.0
2025-01-23T12:54:36.835,1.737636876835e9,63873320076835,92.281,Manual,10.9,111.72,10.0
2025-01-23T12:54:38.838,1.737636878838e9,63873320078838,94.282,Manual,10.9,111.7,10.0
2025-01-23T12:54:40.836,1.737636880836e9,63873320080836,96.284,Manual,10.9,111.7,10.0
2025-01-23T12:54:42.836,1.737636882836e9,63873320082836,98.282,Manual,10.9,111.7,10.0
2025-01-23T12:54:44.837,1.737636884837e9,63873320084837,100.283,Manual,10.91,111.7,10.0
2025-01-23T12:54:46.835,1.737636886835e9,63873320086835,102.283,Manual,10.91,111.72,10.0
2025-01-23T12:54:48.837,1.737636888837e9,63873320088837,104.282,Manual,10.91,111.7,10.0
2025-01-23T12:54:50.837,1.737636890837e9,63873320090837,106.284,Manual,10.91,111.7,10.0
2025-01-23T12:54:52.835,1.737636892835e9,63873320092835,108.284,Manual,10.91,111.7,10.0
2025-01-23T12:54:54.839,1.737636894839e9,63873320094839,110.282,Manual,10.92,111.72,10.0
2025-01-23T12:54:56.84,1.73763689684e9,63873320096840,112.286,Manual,10.92,111.72,10.0
2025-01-23T12:54:58.838,1.737636898838e9,63873320098838,114.287,Manual,10.92,111.72,10.0
2025-01-23T12:55:00.842,1.737636900842e9,63873320100842,116.285,Manual,10.92,111.72,10.0
2025-01-23T12:55:02.839,1.737636902839e9,63873320102839,118.288,Manual,10.93,111.7,10.0
2025-01-23T12:55:04.838,1.737636904838e9,63873320104838,120.286,Manual,10.93,111.72,10.0
2025-01-23T12:55:06.85,1.73763690685e9,63873320106850,122.284,Manual,10.94,111.72,10.0
2025-01-23T12:55:08.847,1.737636908847e9,63873320108847,124.296,Manual,10.94,111.7,10.0
2025-01-23T12:55:10.846,1.737636910846e9,63873320110846,126.294,Manual,10.95,111.7,10.0
2025-01-23T12:55:12.844,1.737636912844e9,63873320112844,128.292,Manual,10.95,111.7,10.0
2025-01-23T12:55:14.842,1.737636914842e9,63873320114842,130.291,Manual,10.96,111.72,10.0
2025-01-23T12:55:16.853,1.737636916853e9,63873320116853,132.289,Manual,10.96,111.72,10.0
2025-01-23T12:55:18.851,1.737636918851e9,63873320118851,134.300,Manual,10.97,111.72,10.0
2025-01-23T12:55:20.85,1.73763692085e9,63873320120850,136.298,Manual,10.97,111.7,10.0
2025-01-23T12:55:22.848,1.737636922848e9,63873320122848,138.296,Manual,10.97,111.72,10.0
2025-01-23T12:55:24.854,1.737636924854e9,63873320124854,140.294,Manual,10.98,111.72,10.0
2025-01-23T12:55:26.852,1.737636926852e9,63873320126852,142.300,Manual,10.99,111.7,10.0
2025-01-23T12:55:28.85,1.73763692885e9,63873320128850,144.298,Manual,11.0,111.72,10.0
2025-01-23T12:55:30.848,1.737636930848e9,63873320130848,146.297,Manual,11.0,111.72,10.0
2025-01-23T12:55:32.847,1.737636932847e9,63873320132847,148.295,Manual,11.0,111.73,10.0
2025-01-23T12:55:34.846,1.737636934846e9,63873320134846,150.293,Manual,11.01,111.72,10.0
2025-01-23T12:55:36.844,1.737636936844e9,63873320136844,152.292,Manual,11.01,111.72,10.0
2025-01-23T12:55:38.841,1.737636938841e9,63873320138841,154.290,Manual,11.02,111.72,10.0
2025-01-23T12:55:40.839,1.737636940839e9,63873320140839,156.288,Manual,11.02,111.7,10.0
2025-01-23T12:55:42.837,1.737636942837e9,63873320142837,158.286,Manual,11.03,111.7,10.0
2025-01-23T12:55:44.835,1.737636944835e9,63873320144835,160.284,Manual,11.03,111.7,10.0
2025-01-23T12:55:46.834,1.737636946834e9,63873320146834,162.282,Manual,11.05,111.7,10.0
2025-01-23T12:55:48.832,1.737636948832e9,63873320148832,164.280,Manual,11.05,111.72,10.0
2025-01-23T12:55:50.833,1.737636950833e9,63873320150833,166.278,Manual,11.05,111.72,10.0
2025-01-23T12:55:52.832,1.737636952832e9,63873320152832,168.280,Manual,11.06,111.72,10.0
2025-01-23T12:55:54.83,1.73763695483e9,63873320154830,170.278,Manual,11.06,111.72,10.0
2025-01-23T12:55:56.83,1.73763695683e9,63873320156830,172.276,Manual,11.07,111.72,10.0
2025-01-23T12:55:58.837,1.737636958837e9,63873320158837,174.276,Manual,11.08,111.7,10.0
2025-01-23T12:56:00.837,1.737636960837e9,63873320160837,176.283,Manual,11.08,111.72,10.0
2025-01-23T12:56:02.836,1.737636962836e9,63873320162836,178.283,Manual,11.09,111.7,10.0
2025-01-23T12:56:04.833,1.737636964833e9,63873320164833,180.282,Manual,11.1,111.72,10.0
2025-01-23T12:56:06.832,1.737636966832e9,63873320166832,182.280,Manual,11.1,111.72,10.0
2025-01-23T12:56:08.835,1.737636968835e9,63873320168835,184.278,Manual,11.11,111.7,10.0
2025-01-23T12:56:10.836,1.737636970836e9,63873320170836,186.282,Manual,11.12,111.72,10.0
2025-01-23T12:56:12.835,1.737636972835e9,63873320172835,188.283,Manual,11.12,111.72,10.0
2025-01-23T12:56:14.833,1.737636974833e9,63873320174833,190.281,Manual,11.13,111.72,10.0
2025-01-23T12:56:16.832,1.737636976832e9,63873320176832,192.279,Manual,11.14,111.72,10.0
2025-01-23T12:56:18.835,1.737636978835e9,63873320178835,194.278,Manual,11.14,111.72,10.0
2025-01-23T12:56:20.834,1.737636980834e9,63873320180834,196.282,Manual,11.15,111.72,10.0
2025-01-23T12:56:22.833,1.737636982833e9,63873320182833,198.280,Manual,11.16,111.72,10.0
2025-01-23T12:56:24.831,1.737636984831e9,63873320184831,200.279,Manual,11.17,111.72,10.0
2025-01-23T12:56:26.829,1.737636986829e9,63873320186829,202.277,Manual,11.18,111.7,10.0
2025-01-23T12:56:28.835,1.737636988835e9,63873320188835,204.275,Manual,11.18,111.72,10.0
2025-01-23T12:56:30.834,1.737636990834e9,63873320190834,206.282,Manual,11.19,111.7,10.0
2025-01-23T12:56:32.832,1.737636992832e9,63873320192832,208.280,Manual,11.2,111.7,10.0
2025-01-23T12:56:34.829,1.737636994829e9,63873320194829,210.278,Manual,11.2,111.72,10.0
2025-01-23T12:56:36.846,1.737636996846e9,63873320196846,212.276,Manual,11.21,111.72,10.0
2025-01-23T12:56:38.844,1.737636998844e9,63873320198844,214.292,Manual,11.21,111.72,10.0
2025-01-23T12:56:40.845,1.737637000845e9,63873320200845,216.290,Manual,11.22,111.7,10.0
2025-01-23T12:56:42.843,1.737637002843e9,63873320202843,218.292,Manual,11.23,111.72,10.0
2025-01-23T12:56:44.842,1.737637004842e9,63873320204842,220.290,Manual,11.25,111.72,10.0
2025-01-23T12:56:46.841,1.737637006841e9,63873320206841,222.288,Manual,11.25,111.72,10.0
2025-01-23T12:56:48.839,1.737637008839e9,63873320208839,224.287,Manual,11.26,111.7,10.0
2025-01-23T12:56:50.837,1.737637010837e9,63873320210837,226.286,Manual,11.26,111.7,10.0
2025-01-23T12:56:52.836,1.737637012836e9,63873320212836,228.284,Manual,11.27,111.72,10.0
2025-01-23T12:56:54.835,1.737637014835e9,63873320214835,230.282,Manual,11.28,111.72,10.0
2025-01-23T12:56:56.834,1.737637016834e9,63873320216834,232.282,Manual,11.3,111.72,10.0
2025-01-23T12:56:58.835,1.737637018835e9,63873320218835,234.280,Manual,11.3,111.72,10.0
2025-01-23T12:57:00.835,1.737637020835e9,63873320220835,236.282,Manual,11.31,111.7,10.0
2025-01-23T12:57:02.833,1.737637022833e9,63873320222833,238.282,Manual,11.32,111.72,10.0
2025-01-23T12:57:04.832,1.737637024832e9,63873320224832,240.280,Manual,11.33,111.7,10.0
2025-01-23T12:57:06.83,1.73763702683e9,63873320226830,242.278,Manual,11.33,111.7,10.0
2025-01-23T12:57:08.834,1.737637028834e9,63873320228834,244.277,Manual,11.35,111.7,10.0
2025-01-23T12:57:10.833,1.737637030833e9,63873320230833,246.281,Manual,11.36,111.7,10.0
2025-01-23T12:57:12.831,1.737637032831e9,63873320232831,248.280,Manual,11.37,111.72,10.0
2025-01-23T12:57:14.829,1.737637034829e9,63873320234829,250.278,Manual,11.38,111.72,10.0
2025-01-23T12:57:16.828,1.737637036828e9,63873320236828,252.276,Manual,11.38,111.72,10.0
2025-01-23T12:57:18.834,1.737637038834e9,63873320238834,254.275,Manual,11.39,111.72,10.0
2025-01-23T12:57:20.839,1.737637040839e9,63873320240839,256.281,Manual,11.4,111.72,10.0
2025-01-23T12:57:22.838,1.737637042838e9,63873320242838,258.285,Manual,11.41,111.72,10.0
2025-01-23T12:57:24.836,1.737637044836e9,63873320244836,260.284,Manual,11.41,111.7,10.0
2025-01-23T12:57:26.834,1.737637046834e9,63873320246834,262.282,Manual,11.42,111.7,10.0
2025-01-23T12:57:28.835,1.737637048835e9,63873320248835,264.280,Manual,11.43,111.7,10.0
2025-01-23T12:57:30.835,1.737637050835e9,63873320250835,266.281,Manual,11.45,111.7,10.0
2025-01-23T12:57:32.832,1.737637052832e9,63873320252832,268.281,Manual,11.45,111.72,10.0
2025-01-23T12:57:34.831,1.737637054831e9,63873320254831,270.279,Manual,11.47,111.72,10.0
2025-01-23T12:57:36.83,1.73763705683e9,63873320256830,272.277,Manual,11.47,111.7,10.0
2025-01-23T12:57:38.836,1.737637058836e9,63873320258836,274.276,Manual,11.48,111.7,10.0
2025-01-23T12:57:40.835,1.737637060835e9,63873320260835,276.282,Manual,11.5,111.7,10.0
2025-01-23T12:57:42.833,1.737637062833e9,63873320262833,278.281,Manual,11.5,111.7,10.0
2025-01-23T12:57:44.83,1.73763706483e9,63873320264830,280.279,Manual,11.52,111.7,10.0
2025-01-23T12:57:46.83,1.73763706683e9,63873320266830,282.277,Manual,11.52,111.7,10.0
2025-01-23T12:57:48.835,1.737637068835e9,63873320268835,284.277,Manual,11.54,111.72,10.0
2025-01-23T12:57:50.835,1.737637070835e9,63873320270835,286.281,Manual,11.55,111.7,10.0
2025-01-23T12:57:52.834,1.737637072834e9,63873320272834,288.282,Manual,11.56,111.7,10.0
2025-01-23T12:57:54.831,1.737637074831e9,63873320274831,290.280,Manual,11.57,111.7,10.0
2025-01-23T12:57:56.83,1.73763707683e9,63873320276830,292.278,Manual,11.58,111.7,10.0
2025-01-23T12:57:58.836,1.737637078836e9,63873320278836,294.277,Manual,11.6,111.68,10.0
2025-01-23T12:58:00.835,1.737637080835e9,63873320280835,296.283,Manual,11.61,111.7,10.0
2025-01-23T12:58:02.834,1.737637082834e9,63873320282834,298.281,Manual,11.62,111.72,10.0
2025-01-23T12:58:04.831,1.737637084831e9,63873320284831,300.280,Manual,11.63,111.72,10.0
2025-01-23T12:58:06.83,1.73763708683e9,63873320286830,302.278,Manual,11.64,111.72,10.0
2025-01-23T12:58:08.836,1.737637088836e9,63873320288836,304.277,Manual,11.65,111.7,10.0
2025-01-23T12:58:10.834,1.737637090834e9,63873320290834,306.282,Manual,11.66,111.72,10.0
2025-01-23T12:58:12.833,1.737637092833e9,63873320292833,308.281,Manual,11.67,111.7,10.0
2025-01-23T12:58:14.83,1.73763709483e9,63873320294830,310.279,Manual,11.68,111.7,10.0
2025-01-23T12:58:16.829,1.737637096829e9,63873320296829,312.277,Manual,11.71,111.7,10.0
2025-01-23T12:58:18.836,1.737637098836e9,63873320298836,314.275,Manual,11.72,111.72,10.0
2025-01-23T12:58:20.834,1.737637100834e9,63873320300834,316.282,Manual,11.73,111.7,10.0
2025-01-23T12:58:22.833,1.737637102833e9,63873320302833,318.280,Manual,11.74,111.7,10.0
2025-01-23T12:58:24.831,1.737637104831e9,63873320304831,320.279,Manual,11.75,111.7,10.0
2025-01-23T12:58:26.828,1.737637106828e9,63873320306828,322.277,Manual,11.77,111.7,10.0
2025-01-23T12:58:28.835,1.737637108835e9,63873320308835,324.275,Manual,11.77,111.72,10.0
2025-01-23T12:58:30.835,1.737637110835e9,63873320310835,326.281,Manual,11.79,111.7,10.0
2025-01-23T12:58:32.833,1.737637112833e9,63873320312833,328.281,Manual,11.8,111.7,10.0
2025-01-23T12:58:34.832,1.737637114832e9,63873320314832,330.280,Manual,11.82,111.72,10.0
2025-01-23T12:58:36.831,1.737637116831e9,63873320316831,332.278,Manual,11.83,111.72,10.0
2025-01-23T12:58:38.833,1.737637118833e9,63873320318833,334.277,Manual,11.84,111.7,10.0
2025-01-23T12:58:40.834,1.737637120834e9,63873320320834,336.280,Manual,11.85,111.7,10.0
2025-01-23T12:58:42.831,1.737637122831e9,63873320322831,338.280,Manual,11.86,111.7,10.0
2025-01-23T12:58:44.83,1.73763712483e9,63873320324830,340.278,Manual,11.87,111.72,10.0
2025-01-23T12:58:46.828,1.737637126828e9,63873320326828,342.276,Manual,11.89,111.7,10.0
2025-01-23T12:58:48.833,1.737637128833e9,63873320328833,344.275,Manual,11.91,111.72,10.0
2025-01-23T12:58:50.833,1.737637130833e9,63873320330833,346.280,Manual,11.92,111.7,10.0
2025-01-23T12:58:52.831,1.737637132831e9,63873320332831,348.279,Manual,11.93,111.7,10.0
2025-01-23T12:58:54.829,1.737637134829e9,63873320334829,350.277,Manual,11.95,111.7,10.0
2025-01-23T12:58:56.83,1.73763713683e9,63873320336830,352.275,Manual,11.96,111.7,10.0
2025-01-23T12:58:58.834,1.737637138834e9,63873320338834,354.277,Manual,11.98,111.7,10.0
2025-01-23T12:59:00.834,1.737637140834e9,63873320340834,356.280,Manual,12.01,111.7,10.0
2025-01-23T12:59:02.832,1.737637142832e9,63873320342832,358.280,Manual,12.03,111.7,10.0
2025-01-23T12:59:04.83,1.73763714483e9,63873320344830,360.279,Manual,12.04,111.7,10.0
2025-01-23T12:59:06.828,1.737637146828e9,63873320346828,362.277,Manual,12.05,111.7,10.0
2025-01-23T12:59:08.834,1.737637148834e9,63873320348834,364.275,Manual,12.07,111.7,10.0
2025-01-23T12:59:10.833,1.737637150833e9,63873320350833,366.280,Manual,12.08,111.7,10.0
2025-01-23T12:59:12.832,1.737637152832e9,63873320352832,368.280,Manual,12.1,111.7,10.0
2025-01-23T12:59:14.829,1.737637154829e9,63873320354829,370.278,Manual,12.11,111.7,10.0
2025-01-23T12:59:16.852,1.737637156852e9,63873320356852,372.276,Manual,12.12,111.7,10.0
2025-01-23T12:59:18.849,1.737637158849e9,63873320358849,374.298,Manual,12.14,111.7,10.0
2025-01-23T12:59:20.847,1.737637160847e9,63873320360847,376.296,Manual,12.16,111.7,10.0
2025-01-23T12:59:22.846,1.737637162846e9,63873320362846,378.294,Manual,12.18,111.7,10.0
2025-01-23T12:59:24.844,1.737637164844e9,63873320364844,380.292,Manual,12.2,111.7,10.0
2025-01-23T12:59:26.842,1.737637166842e9,63873320366842,382.291,Manual,12.21,111.7,10.0
2025-01-23T12:59:28.84,1.73763716884e9,63873320368840,384.289,Manual,12.23,111.72,10.0
2025-01-23T12:59:30.839,1.737637170839e9,63873320370839,386.287,Manual,12.25,111.7,10.0
2025-01-23T12:59:32.838,1.737637172838e9,63873320372838,388.285,Manual,12.27,111.7,10.0
2025-01-23T12:59:34.836,1.737637174836e9,63873320374836,390.284,Manual,12.29,111.7,10.0
2025-01-23T12:59:36.834,1.737637176834e9,63873320376834,392.282,Manual,12.31,111.68,10.0
2025-01-23T12:59:38.832,1.737637178832e9,63873320378832,394.280,Manual,12.32,111.7,10.0
2025-01-23T12:59:40.832,1.737637180832e9,63873320380832,396.279,Manual,12.34,111.7,10.0
2025-01-23T12:59:42.83,1.73763718283e9,63873320382830,398.278,Manual,12.35,111.72,10.0
2025-01-23T12:59:44.828,1.737637184828e9,63873320384828,400.276,Manual,12.37,111.68,10.0
2025-01-23T12:59:46.83,1.73763718683e9,63873320386830,402.274,Manual,12.4,111.72,10.0
2025-01-23T12:59:48.834,1.737637188834e9,63873320388834,404.276,Manual,12.41,111.7,10.0
2025-01-23T12:59:50.832,1.737637190832e9,63873320390832,406.280,Manual,12.42,111.7,10.0
2025-01-23T12:59:52.83,1.73763719283e9,63873320392830,408.279,Manual,12.43,111.7,10.0
2025-01-23T12:59:54.828,1.737637194828e9,63873320394828,410.277,Manual,12.43,111.7,10.0
2025-01-23T12:59:56.83,1.73763719683e9,63873320396830,412.275,Manual,12.44,111.7,10.0
2025-01-23T12:59:58.834,1.737637198834e9,63873320398834,414.276,Manual,12.43,111.7,10.0
2025-01-23T13:00:00.834,1.737637200834e9,63873320400834,416.281,Manual,12.43,111.7,10.0
2025-01-23T13:00:02.832,1.737637202832e9,63873320402832,418.281,Manual,12.43,111.7,10.0
2025-01-23T13:00:04.83,1.73763720483e9,63873320404830,420.279,Manual,12.42,111.7,10.0
2025-01-23T13:00:06.83,1.73763720683e9,63873320406830,422.277,Manual,12.43,111.7,10.0
2025-01-23T13:00:08.836,1.737637208836e9,63873320408836,424.276,Manual,12.43,111.68,10.0
2025-01-23T13:00:10.833,1.737637210833e9,63873320410833,426.282,Manual,12.41,111.7,10.0
2025-01-23T13:00:12.832,1.737637212832e9,63873320412832,428.280,Manual,12.41,111.7,10.0
2025-01-23T13:00:14.831,1.737637214831e9,63873320414831,430.278,Manual,12.41,111.7,10.0
2025-01-23T13:00:16.83,1.73763721683e9,63873320416830,432.277,Manual,12.55,111.7,10.0
2025-01-23T13:00:18.833,1.737637218833e9,63873320418833,434.276,Manual,12.67,111.7,10.0
2025-01-23T13:00:20.834,1.737637220834e9,63873320420834,436.280,Manual,12.72,111.7,10.0
2025-01-23T13:00:22.831,1.737637222831e9,63873320422831,438.280,Manual,12.76,111.7,10.0
2025-01-23T13:00:24.83,1.73763722483e9,63873320424830,440.278,Manual,12.8,111.7,10.0
2025-01-23T13:00:26.828,1.737637226828e9,63873320426828,442.276,Manual,12.8,111.7,10.0
2025-01-23T13:00:28.834,1.737637228834e9,63873320428834,444.275,Manual,12.82,111.7,10.0
2025-01-23T13:00:30.833,1.737637230833e9,63873320430833,446.280,Manual,12.82,111.7,10.0
2025-01-23T13:00:32.832,1.737637232832e9,63873320432832,448.280,Manual,12.83,111.7,10.0
2025-01-23T13:00:34.83,1.73763723483e9,63873320434830,450.278,Manual,12.83,111.7,10.0
2025-01-23T13:00:36.828,1.737637236828e9,63873320436828,452.276,Manual,12.85,111.7,10.0
2025-01-23T13:00:38.838,1.737637238838e9,63873320438838,454.275,Manual,12.87,111.7,10.0
2025-01-23T13:00:40.835,1.737637240835e9,63873320440835,456.284,Manual,12.9,111.7,10.0
2025-01-23T13:00:42.833,1.737637242833e9,63873320442833,458.282,Manual,12.92,111.7,10.0
2025-01-23T13:00:44.832,1.737637244832e9,63873320444832,460.280,Manual,12.93,111.7,10.0
2025-01-23T13:00:46.83,1.73763724683e9,63873320446830,462.278,Manual,12.95,111.7,10.0
2025-01-23T13:00:48.833,1.737637248833e9,63873320448833,464.276,Manual,12.97,111.7,10.0
2025-01-23T13:00:50.833,1.737637250833e9,63873320450833,466.279,Manual,12.98,111.7,10.0
2025-01-23T13:00:52.83,1.73763725283e9,63873320452830,468.279,Manual,13.02,111.7,10.0
2025-01-23T13:00:54.828,1.737637254828e9,63873320454828,470.277,Manual,13.06,111.72,10.0
2025-01-23T13:00:56.826,1.737637256826e9,63873320456826,472.275,Manual,13.1,111.7,10.0
2025-01-23T13:00:58.833,1.737637258833e9,63873320458833,474.273,Manual,13.13,111.7,10.0
2025-01-23T13:01:00.832,1.737637260832e9,63873320460832,476.280,Manual,13.2,111.7,10.0
2025-01-23T13:01:02.829,1.737637262829e9,63873320462829,478.278,Manual,13.25,111.68,10.0
2025-01-23T13:01:04.863,1.737637264863e9,63873320464863,480.276,Manual,13.32,111.7,10.0
2025-01-23T13:01:06.861,1.737637266861e9,63873320466861,482.310,Manual,13.4,111.72,10.0
2025-01-23T13:01:08.86,1.73763726886e9,63873320468860,484.308,Manual,13.48,111.7,10.0
2025-01-23T13:01:10.859,1.737637270859e9,63873320470859,486.306,Manual,13.57,111.7,10.0
2025-01-23T13:01:12.856,1.737637272856e9,63873320472856,488.305,Manual,13.67,111.7,10.0
2025-01-23T13:01:14.854,1.737637274854e9,63873320474854,490.303,Manual,13.78,111.7,10.0
2025-01-23T13:01:16.853,1.737637276853e9,63873320476853,492.301,Manual,13.88,111.72,10.0
2025-01-23T13:01:18.851,1.737637278851e9,63873320478851,494.299,Manual,14.0,111.7,10.0
2025-01-23T13:01:20.849,1.737637280849e9,63873320480849,496.297,Manual,14.11,111.7,10.0
2025-01-23T13:01:22.846,1.737637282846e9,63873320482846,498.295,Manual,14.19,111.7,10.0
2025-01-23T13:01:24.845,1.737637284845e9,63873320484845,500.293,Manual,14.51,111.72,10.0
2025-01-23T13:01:26.846,1.737637286846e9,63873320486846,502.291,Manual,15.93,111.7,10.0
2025-01-23T13:01:28.843,1.737637288843e9,63873320488843,504.292,Manual,17.42,111.7,10.0
2025-01-23T13:01:30.846,1.737637290846e9,63873320490846,506.290,Manual,18.87,111.7,10.0
2025-01-23T13:01:32.845,1.737637292845e9,63873320492845,508.293,Manual,20.31,111.7,10.0
2025-01-23T13:01:34.845,1.737637294845e9,63873320494845,510.291,Manual,21.66,111.7,10.0
2025-01-23T13:01:36.843,1.737637296843e9,63873320496843,512.291,Manual,22.91,111.7,10.0
2025-01-23T13:01:38.847,1.737637298847e9,63873320498847,514.289,Manual,24.14,111.7,10.0
2025-01-23T13:01:40.844,1.737637300844e9,63873320500844,516.293,Manual,25.33,111.7,10.0
2025-01-23T13:01:42.845,1.737637302845e9,63873320502845,518.291,Manual,26.45,111.7,10.0
2025-01-23T13:01:44.843,1.737637304843e9,63873320504843,520.292,Manual,27.54,111.7,10.0
2025-01-23T13:01:46.844,1.737637306844e9,63873320506844,522.290,Manual,27.45,111.7,10.0
2025-01-23T13:01:48.843,1.737637308843e9,63873320508843,524.290,Manual,26.38,111.7,10.0
2025-01-23T13:01:50.846,1.737637310846e9,63873320510846,526.289,Manual,25.15,111.72,10.0
2025-01-23T13:01:52.845,1.737637312845e9,63873320512845,528.292,Manual,23.76,111.7,10.0
2025-01-23T13:01:54.845,1.737637314845e9,63873320514845,530.291,Manual,22.32,111.7,10.0
2025-01-23T13:01:56.843,1.737637316843e9,63873320516843,532.291,Manual,20.78,111.72,10.0
2025-01-23T13:01:58.845,1.737637318845e9,63873320518845,534.289,Manual,19.19,111.7,10.0
2025-01-23T13:02:00.842,1.737637320842e9,63873320520842,536.292,Manual,17.55,111.7,10.0
2025-01-23T13:02:02.849,1.737637322849e9,63873320522849,538.289,Manual,15.92,111.7,10.0
2025-01-23T13:02:04.847,1.737637324847e9,63873320524847,540.295,Manual,14.35,111.7,10.0
2025-01-23T13:02:06.847,1.737637326847e9,63873320526847,542.293,Manual,13.13,111.7,10.0
2025-01-23T13:02:08.845,1.737637328845e9,63873320528845,544.294,Manual,12.35,111.72,10.0
2025-01-23T13:02:10.846,1.737637330846e9,63873320530846,546.292,Manual,11.81,111.7,10.0
2025-01-23T13:02:12.845,1.737637332845e9,63873320532845,548.293,Manual,11.45,111.7,10.0
2025-01-23T13:02:14.848,1.737637334848e9,63873320534848,550.291,Manual,11.19,111.7,10.0
2025-01-23T13:02:16.852,1.737637336852e9,63873320536852,552.294,Manual,11.02,111.68,10.0
2025-01-23T13:02:18.851,1.737637338851e9,63873320538851,554.299,Manual,10.9,111.7,10.0
2025-01-23T13:02:20.849,1.737637340849e9,63873320540849,556.297,Manual,10.8,111.7,10.0
2025-01-23T13:02:22.848,1.737637342848e9,63873320542848,558.295,Manual,10.74,111.7,10.0
2025-01-23T13:02:24.846,1.737637344846e9,63873320544846,560.294,Manual,10.68,111.7,10.0
2025-01-23T13:02:26.843,1.737637346843e9,63873320546843,562.292,Manual,10.63,111.7,10.0
2025-01-23T13:02:28.843,1.737637348843e9,63873320548843,564.290,Manual,10.61,111.7,10.0
2025-01-23T13:02:30.842,1.737637350842e9,63873320550842,566.290,Manual,10.57,111.7,10.0
2025-01-23T13:02:32.867,1.737637352867e9,63873320552867,568.289,Manual,10.54,111.7,10.0
2025-01-23T13:02:34.865,1.737637354865e9,63873320554865,570.313,Manual,10.52,111.7,10.0
2025-01-23T13:02:36.862,1.737637356862e9,63873320556862,572.311,Manual,10.51,111.7,10.0
2025-01-23T13:02:38.861,1.737637358861e9,63873320558861,574.309,Manual,10.49,111.7,10.0
2025-01-23T13:02:40.859,1.737637360859e9,63873320560859,576.307,Manual,10.48,111.68,10.0
2025-01-23T13:02:42.857,1.737637362857e9,63873320562857,578.305,Manual,10.46,111.72,10.0
2025-01-23T13:02:44.855,1.737637364855e9,63873320564855,580.303,Manual,10.45,111.72,10.0
2025-01-23T13:02:46.853,1.737637366853e9,63873320566853,582.301,Manual,10.45,111.7,10.0
2025-01-23T13:02:48.855,1.737637368855e9,63873320568855,584.299,Manual,10.43,111.7,10.0
2025-01-23T13:02:50.853,1.737637370853e9,63873320570853,586.302,Manual,10.43,111.7,10.0
2025-01-23T13:02:52.852,1.737637372852e9,63873320572852,588.300,Manual,10.42,111.7,10.0
2025-01-23T13:02:54.849,1.737637374849e9,63873320574849,590.298,Manual,10.41,111.7,10.0
2025-01-23T13:02:56.847,1.737637376847e9,63873320576847,592.296,Manual,10.4,111.7,10.0
2025-01-23T13:02:58.847,1.737637378847e9,63873320578847,594.294,Manual,10.4,111.7,10.0
2025-01-23T13:03:00.847,1.737637380847e9,63873320580847,596.293,Manual,10.39,111.7,10.0
2025-01-23T13:03:02.846,1.737637382846e9,63873320582846,598.293,Manual,10.38,111.7,10.0
2025-01-23T13:03:04.848,1.737637384848e9,63873320584848,600.293,Manual,10.38,111.7,10.0
2025-01-23T13:03:06.845,1.737637386845e9,63873320586845,602.294,Manual,10.38,111.7,10.0
2025-01-23T13:03:08.847,1.737637388847e9,63873320588847,604.292,Manual,10.37,111.7,10.0
2025-01-23T13:03:10.846,1.737637390846e9,63873320590846,606.293,Manual,10.37,111.7,10.0
2025-01-23T13:03:12.845,1.737637392845e9,63873320592845,608.292,Manual,10.36,111.7,10.0
2025-01-23T13:03:14.844,1.737637394844e9,63873320594844,610.291,Manual,10.36,111.7,10.0
2025-01-23T13:03:16.846,1.737637396846e9,63873320596846,612.291,Manual,10.36,111.7,10.0
2025-01-23T13:03:18.844,1.737637398844e9,63873320598844,614.292,Manual,10.35,111.68,10.0
2025-01-23T13:03:20.845,1.737637400845e9,63873320600845,616.291,Manual,10.35,111.7,10.0
2025-01-23T13:03:22.846,1.737637402846e9,63873320602846,618.292,Manual,10.34,111.7,10.0
2025-01-23T13:03:24.848,1.737637404848e9,63873320604848,620.293,Manual,10.34,111.68,10.0
2025-01-23T13:03:26.845,1.737637406845e9,63873320606845,622.294,Manual,10.33,111.7,10.0
2025-01-23T13:03:28.843,1.737637408843e9,63873320608843,624.292,Manual,10.33,111.72,10.0
2025-01-23T13:03:30.843,1.737637410843e9,63873320610843,626.290,Manual,10.32,111.7,10.0
2025-01-23T13:03:32.844,1.737637412844e9,63873320612844,628.290,Manual,10.32,111.7,10.0
2025-01-23T13:03:34.849,1.737637414849e9,63873320614849,630.290,Manual,10.32,111.68,10.0
2025-01-23T13:03:36.846,1.737637416846e9,63873320616846,632.295,Manual,10.31,111.7,10.0
2025-01-23T13:03:38.845,1.737637418845e9,63873320618845,634.293,Manual,10.31,111.7,10.0
2025-01-23T13:03:40.843,1.737637420843e9,63873320620843,636.291,Manual,10.32,111.7,10.0
2025-01-23T13:03:42.842,1.737637422842e9,63873320622842,638.290,Manual,10.32,111.68,10.0
2025-01-23T13:03:44.844,1.737637424844e9,63873320624844,640.289,Manual,10.3,111.7,10.0
2025-01-23T13:03:46.843,1.737637426843e9,63873320626843,642.290,Manual,10.3,111.7,10.0
2025-01-23T13:03:48.842,1.737637428842e9,63873320628842,644.290,Manual,10.3,111.72,10.0
2025-01-23T13:03:50.844,1.737637430844e9,63873320630844,646.289,Manual,10.29,111.7,10.0
2025-01-23T13:03:52.843,1.737637432843e9,63873320632843,648.291,Manual,10.29,111.7,10.0
2025-01-23T13:03:54.843,1.737637434843e9,63873320634843,650.290,Manual,10.28,111.68,10.0
2025-01-23T13:03:56.842,1.737637436842e9,63873320636842,652.289,Manual,10.28,111.7,10.0
2025-01-23T13:03:58.843,1.737637438843e9,63873320638843,654.289,Manual,10.28,111.7,10.0
2025-01-23T13:04:00.843,1.737637440843e9,63873320640843,656.289,Manual,10.28,111.7,10.0
2025-01-23T13:04:02.842,1.737637442842e9,63873320642842,658.289,Manual,10.27,111.68,10.0
2025-01-23T13:04:04.843,1.737637444843e9,63873320644843,660.289,Manual,10.27,111.7,10.0
2025-01-23T13:04:06.843,1.737637446843e9,63873320646843,662.290,Manual,10.27,111.7,10.0
2025-01-23T13:04:08.843,1.737637448843e9,63873320648843,664.290,Manual,10.26,111.7,10.0
2025-01-23T13:04:10.844,1.737637450844e9,63873320650844,666.289,Manual,10.27,111.7,10.0
2025-01-23T13:04:12.843,1.737637452843e9,63873320652843,668.290,Manual,10.26,111.7,10.0
2025-01-23T13:04:14.843,1.737637454843e9,63873320654843,670.289,Manual,10.26,111.7,10.0
2025-01-23T13:04:16.844,1.737637456844e9,63873320656844,672.290,Manual,10.25,111.7,10.0
2025-01-23T13:04:18.845,1.737637458845e9,63873320658845,674.290,Manual,10.25,111.7,10.0
2025-01-23T13:04:20.844,1.737637460844e9,63873320660844,676.291,Manual,10.25,111.7,10.0
2025-01-23T13:04:22.844,1.737637462844e9,63873320662844,678.290,Manual,10.25,111.68,10.0
2025-01-23T13:04:24.843,1.737637464843e9,63873320664843,680.290,Manual,10.25,111.7,10.0
2025-01-23T13:04:26.843,1.737637466843e9,63873320666843,682.290,Manual,10.24,111.68,10.0
2025-01-23T13:04:28.844,1.737637468844e9,63873320668844,684.290,Manual,10.23,111.7,10.0
2025-01-23T13:04:30.845,1.737637470845e9,63873320670845,686.291,Manual,10.23,111.7,10.0
2025-01-23T13:04:32.853,1.737637472853e9,63873320672853,688.291,Manual,10.23,111.7,10.0
2025-01-23T13:04:34.85,1.73763747485e9,63873320674850,690.299,Manual,10.23,111.7,10.0
2025-01-23T13:04:36.849,1.737637476849e9,63873320676849,692.297,Manual,10.23,111.7,10.0
2025-01-23T13:04:38.846,1.737637478846e9,63873320678846,694.295,Manual,10.23,111.68,10.0
2025-01-23T13:04:40.844,1.737637480844e9,63873320680844,696.293,Manual,10.23,111.7,10.0
2025-01-23T13:04:42.845,1.737637482845e9,63873320682845,698.291,Manual,10.23,111.68,10.0
2025-01-23T13:04:44.844,1.737637484844e9,63873320684844,700.291,Manual,10.22,111.7,10.0
2025-01-23T13:04:46.847,1.737637486847e9,63873320686847,702.290,Manual,10.22,111.7,10.0
2025-01-23T13:04:48.847,1.737637488847e9,63873320688847,704.293,Manual,10.22,111.68,10.0
2025-01-23T13:04:50.846,1.737637490846e9,63873320690846,706.294,Manual,10.21,111.7,10.0
2025-01-23T13:04:52.849,1.737637492849e9,63873320692849,708.292,Manual,10.21,111.7,10.0
2025-01-23T13:04:54.847,1.737637494847e9,63873320694847,710.295,Manual,10.21,111.7,10.0
2025-01-23T13:04:56.85,1.73763749685e9,63873320696850,712.293,Manual,10.21,111.68,10.0
2025-01-23T13:04:58.847,1.737637498847e9,63873320698847,714.296,Manual,10.2,111.7,10.0
2025-01-23T13:05:00.856,1.737637500856e9,63873320700856,716.294,Manual,10.2,111.7,10.0
2025-01-23T13:05:02.854,1.737637502854e9,63873320702854,718.302,Manual,10.2,111.68,10.0
2025-01-23T13:05:04.853,1.737637504853e9,63873320704853,720.300,Manual,10.2,111.7,10.0
2025-01-23T13:05:06.851,1.737637506851e9,63873320706851,722.299,Manual,10.2,111.7,10.0
2025-01-23T13:05:08.849,1.737637508849e9,63873320708849,724.297,Manual,10.2,111.7,10.0
2025-01-23T13:05:10.848,1.737637510848e9,63873320710848,726.296,Manual,10.19,111.7,10.0
2025-01-23T13:05:12.846,1.737637512846e9,63873320712846,728.295,Manual,10.19,111.68,10.0
2025-01-23T13:05:14.845,1.737637514845e9,63873320714845,730.293,Manual,10.19,111.7,10.0
2025-01-23T13:05:16.849,1.737637516849e9,63873320716849,732.291,Manual,10.18,111.7,10.0
2025-01-23T13:05:18.846,1.737637518846e9,63873320718846,734.295,Manual,10.18,111.7,10.0
2025-01-23T13:05:20.845,1.737637520845e9,63873320720845,736.293,Manual,10.18,111.7,10.0
2025-01-23T13:05:22.852,1.737637522852e9,63873320722852,738.291,Manual,10.18,111.68,10.0
2025-01-23T13:05:24.854,1.737637524854e9,63873320724854,740.298,Manual,10.18,111.7,10.0
2025-01-23T13:05:26.852,1.737637526852e9,63873320726852,742.300,Manual,10.18,111.7,10.0
2025-01-23T13:05:28.85,1.73763752885e9,63873320728850,744.298,Manual,10.17,111.68,10.0
2025-01-23T13:05:30.849,1.737637530849e9,63873320730849,746.297,Manual,10.17,111.7,10.0
2025-01-23T13:05:32.846,1.737637532846e9,63873320732846,748.295,Manual,10.17,111.7,10.0
2025-01-23T13:05:34.844,1.737637534844e9,63873320734844,750.293,Manual,10.17,111.7,10.0
2025-01-23T13:05:36.856,1.737637536856e9,63873320736856,752.291,Manual,10.17,111.7,10.0
2025-01-23T13:05:38.854,1.737637538854e9,63873320738854,754.303,Manual,10.16,111.7,10.0
2025-01-23T13:05:40.853,1.737637540853e9,63873320740853,756.301,Manual,10.16,111.7,10.0
2025-01-23T13:05:42.85,1.73763754285e9,63873320742850,758.299,Manual,10.16,111.7,10.0
2025-01-23T13:05:44.848,1.737637544848e9,63873320744848,760.297,Manual,10.16,111.68,10.0
2025-01-23T13:05:46.847,1.737637546847e9,63873320746847,762.295,Manual,10.16,111.7,10.0
2025-01-23T13:05:48.846,1.737637548846e9,63873320748846,764.293,Manual,10.16,111.7,10.0
2025-01-23T13:05:50.844,1.737637550844e9,63873320750844,766.293,Manual,10.15,111.7,10.0
2025-01-23T13:05:52.844,1.737637552844e9,63873320752844,768.291,Manual,10.15,111.7,10.0
2025-01-23T13:05:54.857,1.737637554857e9,63873320754857,770.291,Manual,10.15,111.7,10.0
2025-01-23T13:05:56.855,1.737637556855e9,63873320756855,772.303,Manual,10.15,111.7,10.0
2025-01-23T13:05:58.853,1.737637558853e9,63873320758853,774.301,Manual,10.15,111.7,10.0
2025-01-23T13:06:00.851,1.737637560851e9,63873320760851,776.300,Manual,10.14,111.7,10.0
2025-01-23T13:06:02.85,1.73763756285e9,63873320762850,778.298,Manual,10.14,111.7,10.0
2025-01-23T13:06:04.853,1.737637564853e9,63873320764853,780.296,Manual,10.14,111.68,10.0
2025-01-23T13:06:06.852,1.737637566852e9,63873320766852,782.300,Manual,10.14,111.7,10.0
2025-01-23T13:06:08.85,1.73763756885e9,63873320768850,784.298,Manual,10.13,111.7,10.0
2025-01-23T13:06:10.848,1.737637570848e9,63873320770848,786.297,Manual,10.13,111.7,10.0
2025-01-23T13:06:12.847,1.737637572847e9,63873320772847,788.294,Manual,10.13,111.68,10.0
2025-01-23T13:06:14.846,1.737637574846e9,63873320774846,790.293,Manual,10.13,111.7,10.0
2025-01-23T13:06:16.844,1.737637576844e9,63873320776844,792.293,Manual,10.13,111.7,10.0
2025-01-23T13:06:18.847,1.737637578847e9,63873320778847,794.291,Manual,10.13,111.68,10.0
2025-01-23T13:06:20.847,1.737637580847e9,63873320780847,796.293,Manual,10.12,111.7,10.0
2025-01-23T13:06:22.845,1.737637582845e9,63873320782845,798.293,Manual,10.12,111.7,10.0
2025-01-23T13:06:24.845,1.737637584845e9,63873320784845,800.292,Manual,10.12,111.7,10.0
2025-01-23T13:06:26.845,1.737637586845e9,63873320786845,802.292,Manual,10.12,111.7,10.0
2025-01-23T13:06:28.845,1.737637588845e9,63873320788845,804.292,Manual,10.12,111.7,10.0
2025-01-23T13:06:30.845,1.737637590845e9,63873320790845,806.292,Manual,10.11,111.7,10.0
2025-01-23T13:06:32.848,1.737637592848e9,63873320792848,808.292,Manual,10.11,111.7,10.0
2025-01-23T13:06:34.846,1.737637594846e9,63873320794846,810.295,Manual,10.12,111.68,10.0
2025-01-23T13:06:36.845,1.737637596845e9,63873320796845,812.292,Manual,10.12,111.7,10.0
2025-01-23T13:06:38.845,1.737637598845e9,63873320798845,814.292,Manual,10.11,111.7,10.0
2025-01-23T13:06:40.845,1.737637600845e9,63873320800845,816.292,Manual,10.11,111.7,10.0
2025-01-23T13:06:42.847,1.737637602847e9,63873320802847,818.291,Manual,10.11,111.7,10.0
2025-01-23T13:06:44.847,1.737637604847e9,63873320804847,820.294,Manual,10.1,111.68,10.0
2025-01-23T13:06:46.848,1.737637606848e9,63873320806848,822.294,Manual,10.1,111.68,10.0
2025-01-23T13:06:48.851,1.737637608851e9,63873320808851,824.294,Manual,10.1,111.68,10.0
2025-01-23T13:06:50.888,1.737637610888e9,63873320810888,826.297,Manual,10.1,111.7,10.0
2025-01-23T13:06:54.151,1.737637614151e9,63873320814151,828.335,Manual,10.1,111.68,10.0
